{
  "swagger": "2.0",
  "info": {
    "version": "1.2.0",
    "title": "Contracts API",
    "description": "Contracts API"
  },
  "consumes": [
    "application/json"
  ],
  "produces": [
    "application/json"
  ],
  "paths": {
    "/contracts/search": {
      "post": {
        "summary": "Returns a list of contracts",
        "parameters": [
          {
            "in": "body",
            "name": "contractsSearchRequest",
            "schema": {
              "$ref": "#/definitions/ContractSearchRequest"
            }
          },
          {
            "in": "header",
            "name": "Authorization",
            "type": "string",
            "required": true
          }
        ],
        "consumes": [
          "application/json"
        ],
        "produces": [
          "application/json"
        ],
        "responses": {
          "200": {
            "description": "OK",
            "schema": {
              "$ref": "#/definitions/ContractSearchResponse"
            }
          },
          "400": {
            "description": "Invalid parameters"
          },
          "401": {
            "description": "Unauthorized"
          },
          "403": {
            "description": "Forbidden"
          },
          "404": {
            "description": "No results",
            "schema": {
              "$ref": "#/definitions/ErrorResponse"
            }
          },
          "500": {
            "description": "Unexpected error",
            "schema": {
              "$ref": "#/definitions/ErrorResponse"
            }
          }
        }
      }
    },
    "/contracts/{contractCode}/content": {
      "get": {
        "summary": "Get the content of a contract",
        "parameters": [
          {
            "in": "path",
            "name": "contractCode",
            "required": true,
            "type": "string"
          }
        ],
        "produces": [
          "application/json"
        ],
        "responses": {
          "200": {
            "description": "OK",
            "schema": {
              "$ref": "#/definitions/ContractContentReponse"
            }
          },
          "400": {
            "description": "Invalid parameters"
          },
          "401": {
            "description": "Unauthorized"
          },
          "403": {
            "description": "Forbidden"
          },
          "404": {
            "description": "No results",
            "schema": {
              "$ref": "#/definitions/ErrorResponse"
            }
          },
          "500": {
            "description": "Unexpected error",
            "schema": {
              "$ref": "#/definitions/ErrorResponse"
            }
          }
        }
      }
    },
    "/contracts/{contractCode}/documents/{documentCode}/content": {
      "get": {
        "summary": "Get the content of a document",
        "parameters": [
          {
            "in": "path",
            "name": "contractCode",
            "required": true,
            "type": "string"
          },
          {
            "in": "path",
            "name": "documentCode",
            "required": true,
            "type": "string"
          }
        ],
        "produces": [
          "application/json"
        ],
        "responses": {
          "200": {
            "description": "OK",
            "schema": {
              "$ref": "#/definitions/ContractDocumentContentReponse"
            }
          },
          "400": {
            "description": "Invalid parameters"
          },
          "401": {
            "description": "Unauthorized"
          },
          "403": {
            "description": "Forbidden"
          },
          "404": {
            "description": "No results",
            "schema": {
              "$ref": "#/definitions/ErrorResponse"
            }
          },
          "500": {
            "description": "Unexpected error",
            "schema": {
              "$ref": "#/definitions/ErrorResponse"
            }
          }
        }
      }
    }
  },
  "definitions": {
    "ContractSearchRequest": {
      "type": "object",
      "required": [
        "contractCodes",
        "pagination"
      ],
      "properties": {
        "contractCodes": {
          "type": "array",
          "items": {
            "type": "string"
          },
          "minItems": 1
        },
        "pagination": {
          "$ref": "#/definitions/PaginationSearchRequest"
        },
        "order": {
          "$ref": "#/definitions/OrderSearchRequest"
        }
      }
    },
    "PaginationSearchRequest": {
      "type": "object",
      "required": [
        "pageNumber",
        "pageItems"
      ],
      "properties": {
        "pageNumber": {
          "type": "integer"
        },
        "pageItems": {
          "type": "integer"
        }
      }
    },
    "OrderSearchRequest": {
      "type": "object",
      "required": [
        "property",
        "sort"
      ],
      "properties": {
        "property": {
          "type": "string"
        },
        "sort": {
          "type": "string",
          "enum": [
            "asc",
            "desc"
          ]
        }
      }
    },
    "ContractSearchResponse": {
      "type": "object",
      "required": [
        "contracts",
        "pagination"
      ],
      "properties": {
        "contracts": {
          "type": "array",
          "items": {
            "$ref": "#/definitions/Contract"
          },
          "minItems": 1
        },
        "pagination": {
          "$ref": "#/definitions/PaginationSearchResponse"
        }
      }
    },
    "Contract": {
      "type": "object",
      "required": [
        "code",
        "status",
		"mainDocument",
        "documents"
      ],
      "properties": {
        "code": {
          "type": "string"
        },
        "status": {
          "type": "string"
        },
		 "mainDocument": {
            "$ref": "#/definitions/Document"
		},
        "documents": {
          "type": "array",
          "items": {
            "$ref": "#/definitions/Document"
          },
          "minItems": 1
        }
      }
    },
    "Document": {
      "type": "object",
      "required": [
        "fileName",
        "id",
        "size",
        "type",
        "signDate",
        "effectiveDate",
        "fileType"
      ],
      "properties": {
        "fileName": {
          "type": "string"
        },
        "id": {
          "type": "string"
        },
        "size": {
          "type": "string"
        },
        "type": {
          "type": "string"
        },
        "signDate": {
          "type": "string"
        },
        "effectiveDate": {
          "type": "string"
        },
        "fileType": {
          "type": "string"
        }
      }
    },
    "PaginationSearchResponse": {
      "type": "object",
      "required": [
        "totalItems",
        "totalPages"
      ],
      "properties": {
        "totalItems": {
          "type": "integer"
        },
        "totalPages": {
          "type": "integer"
        }
      }
    },
    "ErrorResponse": {
      "type": "object",
      "required": [
        "msgCode",
        "msgText"
      ],
      "properties": {
        "msgCode": {
          "type": "string"
        },
        "msgText": {
          "type": "string"
        }
      }
    },
    "ContractContentReponse": {
      "type": "object",
      "required": [
        "contractCode",
        "contractContent"
      ],
      "properties": {
        "contractCode": {
          "type": "string"
        },
        "contractContent": {
          "type": "string",
          "format": "byte"
        }
      }
    },
    "ContractDocumentContentReponse": {
      "type": "object",
      "required": [
        "contractCode",
        "documentCode",
        "documentContent"
      ],
      "properties": {
        "contractCode": {
          "type": "string"
        },
        "documentCode": {
          "type": "string"
        },
        "documentContent": {
          "type": "string",
          "format": "byte"
        }
      }
    }
  }
}